group,names,scores,logfoldchanges,pvals,pvals_adj
0,RPS12,32.454998,1.0580324,4.6050321679142554e-231,6.315341115077609e-227
0,LDHB,32.20149,2.7248948,1.6823161319772094e-227,1.1535641716967725e-223
0,RPS25,30.52613,1.1803728,1.1730361529178025e-204,3.217403560222949e-201
0,RPS27,29.444181,1.025623,1.494500576632668e-190,2.927940129705773e-187
0,RPS3,29.327387,0.88644356,4.642659350603958e-189,7.074381148242519e-186
0,RPS6,29.312864,0.8763133,7.110527461228598e-189,9.7513773603289e-186
0,CD3D,28.381151,3.275449,3.4553274478898345e-177,4.307850965487381e-174
0,RPS14,28.344421,0.7860085,9.805742804130022e-177,1.1206329734653261e-173
0,RPL31,27.811596,1.1395988,3.1408661870184347e-170,2.871589259251388e-167
0,RPL3,27.593145,0.8687731,1.3447647917988446e-167,1.1526315221705846e-164
0,TPT1,27.588545,0.93831044,1.5270337328965228e-167,1.231867094878995e-164
0,RPL30,27.39397,1.0258646,3.2357684635273543e-165,2.4652960393785627e-162
0,RPS27A,27.297842,1.3264425,4.49939287303762e-164,3.2476144137283118e-161
0,RPS15A,27.017857,0.9594989,9.117913897600807e-161,6.252153559584874e-158
0,RPL32,26.87978,0.7397713,3.7855833772151274e-159,2.4721662111965837e-156
0,RPL9,26.828503,1.1185765,1.503114879524937e-158,9.369871571729538e-156
0,RPLP2,26.769077,0.85511816,7.405972098060155e-158,4.415891363165085e-155
0,EEF1A1,26.548286,0.7478346,2.6879003596721698e-155,1.5359110638560058e-152
0,RPS18,26.317242,0.76410306,1.2176141345388973e-152,6.679344096426575e-150
0,RPS29,26.044222,1.3391361,1.5641886823852704e-149,8.250493688550615e-147
1,CD74,28.874624,4.0795345,2.4871450354007886e-183,3.4108707015486415e-179
1,CD79A,27.834063,7.749746,1.6797304742485914e-170,1.1517911861922591e-166
1,HLA-DRA,27.53371,4.8870344,6.93511118202102e-167,3.170270491674542e-163
1,CD79B,26.463242,5.5180044,2.5691351201918606e-154,8.808279759577793e-151
1,HLA-DPB1,25.923988,4.0658145,3.5736590771892574e-148,9.801832116914695e-145
1,MS4A1,25.273188,6.434406,6.299036341936536e-141,1.4397497398886276e-137
1,HLA-DQA1,25.263664,5.3614807,8.015931775242311e-141,1.5704355480810436e-137
1,CD37,24.385695,2.5037396,2.425691317137249e-131,4.1582413404025287e-128
1,HLA-DRB1,24.356514,3.9003642,4.945621063612681e-131,7.5360274740427e-128
1,HLA-DQB1,24.30615,4.9834814,1.6877361212603341e-130,2.3145613166964223e-127
1,HLA-DPA1,23.715618,3.6985204,2.4882224324464407e-124,3.102134767142772e-121
1,HLA-DRB5,19.837755,3.2916484,1.4060033132517945e-87,1.377280674138222e-84
1,TCL1A,18.304682,6.9127364,7.593477324714468e-75,6.508559251945888e-72
1,RPL18A,17.357416,0.72955716,1.733518607061192e-67,1.3984396574845404e-64
1,LINC00926,16.704102,7.3511324,1.223564521749082e-62,8.831559921719427e-60
1,HLA-DMA,16.568403,3.1129088,1.1791663206587082e-61,7.700517581673106e-59
1,RPS23,15.119065,0.79569244,1.212509426153028e-51,6.158649729726898e-49
1,RPS11,15.013387,0.9083667,6.000443353463783e-51,2.938931433907225e-48
1,RPS5,14.757036,0.7859174,2.7719781133608786e-49,1.267163594887703e-46
1,VPREB3,14.55383,7.412925,5.522252008318507e-48,2.3666301263150002e-45
2,FTL,37.83586,3.807733,0.0,0.0
2,FTH1,37.402225,3.2226377,3.594997314168718e-306,2.4650896583254896e-302
2,TYROBP,37.03042,6.17206,3.7111068733631914e-300,1.6964706553767603e-296
2,CST3,36.571,6.5163407,8.270546545008749e-293,2.8355568829562493e-289
2,LYZ,36.4413,5.867567,9.44881946171032e-291,2.5916222019579066e-287
2,AIF1,35.977154,5.8016706,1.9048405439393947e-283,4.3538305365974766e-280
2,LST1,35.949425,5.9291015,5.167443121931259e-283,1.012375928202361e-279
2,S100A9,35.673214,7.16545,1.0289619945865653e-278,1.7638980992200194e-275
2,S100A6,35.14072,3.1484702,1.6111513024060545e-270,2.45503655124407e-267
2,LGALS1,35.07222,4.8892016,1.787937613596736e-269,2.451977643286564e-266
2,S100A4,34.39405,3.0584774,3.094437068918615e-259,3.857919087559081e-256
2,OAZ1,34.382298,2.2457464,4.637597386755205e-259,5.3000008801634066e-256
2,CTSS,34.22409,4.094816,1.0597067575430644e-256,1.1179091133035066e-253
2,COTL1,33.889107,3.6326897,9.640333853869223e-252,9.44339560514018e-249
2,FCER1G,33.786835,5.294711,3.078363920736934e-250,2.8144455205990877e-247
2,TYMP,33.586067,5.001483,2.6800358039314724e-247,2.2971256884447632e-244
2,SAT1,33.583252,3.8228047,2.94569590187588e-247,2.3763102116662247e-244
2,FCN1,33.385357,6.1534786,2.2366738005655633e-244,1.704096916719785e-241
2,PSAP,33.007504,3.8216336,6.338874354034899e-239,4.3465661445617306e-236
2,S100A11,32.889683,3.7856905,3.087101039783853e-237,2.0160239837902744e-234
3,HLA-DPB1,9.526945,4.3788824,1.6197938378690592e-21,1.2494022159787935e-17
3,HLA-DPA1,9.514717,4.212818,1.8220828583619564e-21,1.2494022159787935e-17
3,HLA-DRB1,9.198926,4.204097,3.615466873030179e-20,1.3860781304323545e-16
3,HLA-DRA,9.186912,4.553892,4.042812105679903e-20,1.3860781304323545e-16
3,CST3,9.148511,4.9246655,5.77239298760623e-20,1.5832519486406366e-16
3,HLA-DQA1,9.067632,4.7540555,1.2163173207103223e-19,2.7800959560368935e-16
3,CD74,9.003487,3.5640812,2.1866044351555233e-19,4.2838704605318353e-16
3,HLA-DRB5,8.664311,3.912911,4.542504032889088e-18,7.786987538380119e-15
3,FCER1A,8.593945,8.6909685,8.403341274455387e-18,1.2804824693097908e-14
3,HLA-DMA,8.185369,3.5048099,2.714722494963208e-16,3.7229704295925436e-13
3,HLA-DQB1,8.124441,4.032566,4.494284907329561e-16,5.603147565374327e-13
3,HLA-DQA2,7.6009827,4.1870685,2.938906897021661e-14,3.3586807654795884e-11
3,LYZ,7.5004745,4.326078,6.358735097053736e-14,6.228835222928209e-11
3,CLEC10A,7.415198,7.0247517,1.2144350904760393e-13,1.1103175220525604e-10
3,LSP1,7.3526616,2.1958725,1.942984508583106e-13,1.6653805969192947e-10
3,AP1S2,7.3142605,3.0098104,2.588030190755899e-13,2.0877791785897884e-10
3,GRN,7.254942,3.090231,4.018335140351504e-13,3.0615248952655847e-10
3,GPX1,7.217292,2.8517923,5.303311569470415e-13,3.8278744665114357e-10
3,GSTP1,7.1474614,2.7441125,8.839727852878804e-13,6.061401388718996e-10
3,VIM,7.011877,1.9858869,2.3514156217961586e-12,1.535586373205358e-09
4,NKG7,31.39055,7.0870414,2.722986656786046e-216,3.7343039011163834e-212
4,CST7,28.171932,6.4149175,1.2911594326869528e-174,8.853480229934435e-171
4,GZMA,27.191696,6.0909433,8.142902005832724e-163,3.722391936932999e-159
4,B2M,27.013521,0.9864379,1.0252550695902007e-160,3.515087006090003e-157
4,CTSW,26.698277,4.6361375,4.9287381811311295e-157,1.3518543083206463e-153
4,CCL5,26.129356,5.369861,1.6918704317412936e-150,3.867051850150017e-147
4,HLA-C,25.893932,1.3419186,7.79450448099232e-148,1.5270547778904096e-144
4,HLA-A,23.145054,1.2967616,1.6304362742552306e-118,2.794975383142029e-115
4,PRF1,20.645563,5.585885,1.0700678806995356e-94,1.6305456573237145e-91
4,GZMM,18.965904,3.4279644,3.2636514215327994e-80,4.475771559490081e-77
4,HLA-B,18.848434,1.0456975,3.0266393098681686e-79,3.773393772321097e-76
4,PTPRCAP,18.496061,2.001937,2.2212433893015827e-76,2.5385109867401587e-73
4,HCST,17.040728,1.9639736,4.096014547507955e-65,4.012338821751721e-62
4,GZMB,16.889933,6.066157,5.336357103960983e-64,4.878853421581395e-61
4,FGFBP2,16.480139,6.175769,5.0967910589476535e-61,4.3685870364005075e-58
4,GZMH,16.246653,6.5323687,2.35900726993358e-59,1.7973014277705063e-56
4,GNLY,15.659651,5.1154914,2.8545991023419788e-55,1.957398604475895e-52
4,CD99,15.200767,1.7948351,3.495055494802726e-52,2.0839648285097645e-49
4,CD247,15.140822,2.7697916,8.711765791225037e-52,4.978048169202507e-49
4,IL32,14.914284,1.9507719,2.6611609797688054e-50,1.459806467061976e-47
5,PF4,6.228046,12.90574,4.722885531370455e-10,7.725968615950535e-07
5,SDPR,6.2276807,11.863666,4.733899413238275e-10,7.725968615950535e-07
5,GNG11,6.2276807,12.428451,4.733899413238275e-10,7.725968615950535e-07
5,PPBP,6.227316,13.035219,4.744938361686981e-10,7.725968615950535e-07
5,NRGN,6.2254906,9.092909,4.800511051963354e-10,7.725968615950535e-07
5,SPARC,6.220745,10.895902,4.947989758718316e-10,7.725968615950535e-07
5,GPX1,6.220745,6.478824,4.947989758718316e-10,7.725968615950535e-07
5,TPM4,6.2141747,6.943187,5.159512646947618e-10,7.725968615950535e-07
5,RGS18,6.2130795,8.6062975,5.195614032364577e-10,7.725968615950535e-07
5,CALM3,6.185337,4.9173193,6.196999764872094e-10,7.725968615950535e-07
5,RGS10,6.1112347,5.0098014,9.886322693278598e-10,9.992881560052564e-07
5,TAGLN2,6.068526,4.831951,1.2908982105660859e-09,9.992881560052564e-07
5,MYL6,5.8907537,2.849906,3.844385405560247e-09,2.108876058074129e-06
5,OAZ1,5.8502345,3.2184496,4.908799997693448e-09,2.3213545920126877e-06
5,GP9,5.7471123,12.910398,9.07804721604925e-09,3.5570382720256976e-06
5,HIST1H2AC,5.7337885,9.46766,9.821181034465612e-09,3.707430786241578e-06
5,CD9,5.7306857,9.544075,1.0002547695124573e-08,3.707430786241578e-06
5,MYL12A,5.692722,2.8250475,1.2502986129337168e-08,4.2866487944432485e-06
5,CCL5,5.6826835,5.6169353,1.3259748137648543e-08,4.3296234752312406e-06
5,ITM2B,5.577371,2.7670145,2.441808327271717e-08,6.351513867316113e-06
